Comparison,Stage 1 Model,Stage 2 Model,level_2,Stage 1 Time (s),S1 Accuracy,S1 Precision,S1 Recall,S1 F1 Score,S1 Confusion Matrix,Stage 2 Time (s),S2 Accuracy,S2 Precision,S2 Recall,S2 F1 Score,S2 Confusion Matrix,Combined Accuracy,Combined Precision,Combined Recall,Combined F1 Score,Combined Confusion Matrix,Test Dataset,level_1,S1 Train Time (s),S1 Test Time (s),S2 Train Time (s),S2 Test Time (s),Feature Count,Features
Classification Results,Decision Tree (Gini),Decision Tree (Gini),self,101.87173,1.0,1.0,1.0,1.0,[[6148166 139] [ 111 293215]],1.38966,1.0,1.0,1.0,1.0,[[263406 9] [ 2 29937]],1.0,1.0,1.0,1.0,[[6148166 133 6] [ 106 263273 3] [ 5 2 29937]],,,,,,,,
Classification Results,Decision Tree (Gini),Decision Tree (Gini),other,116.18426,0.9998,0.9998,0.9998,0.9998,[[6147702 603] [ 388 292938]],1.8197,0.9999,0.9999,0.9999,0.9999,[[263599 30] [ 8 29904]],0.9998,0.9998,0.9998,0.9998,[[6147702 579 24] [ 356 263020 6] [ 32 8 29904]],,,,,,,,
Classification Results,Decision Tree (Gini),Gradient Boosting,self,101.87173,1.0,1.0,1.0,1.0,[[6148166 139] [ 111 293215]],67.66664,0.9999,0.9999,0.9999,0.9999,[[263405 10] [ 6 29933]],1.0,1.0,1.0,1.0,[[6148166 137 2] [ 106 263268 8] [ 5 6 29933]],,,,,,,,
Classification Results,Decision Tree (Gini),Gradient Boosting,other,116.18426,0.9998,0.9998,0.9998,0.9998,[[6147702 603] [ 388 292938]],69.75049,0.9969,0.9969,0.9969,0.9969,[[263283 346] [ 569 29343]],0.9997,0.9997,0.9997,0.9997,[[6147702 575 28] [ 356 262708 318] [ 32 569 29343]],,,,,,,,
Classification Results,Decision Tree (Gini),KNN (k=5),self,101.87173,1.0,1.0,1.0,1.0,[[6148166 139] [ 111 293215]],2.02254,0.9999,0.9999,0.9999,0.9999,[[263390 25] [ 5 29934]],1.0,1.0,1.0,1.0,[[6148166 132 7] [ 106 263258 18] [ 5 5 29934]],,,,,,,,
Classification Results,Decision Tree (Gini),KNN (k=5),other,116.18426,0.9998,0.9998,0.9998,0.9998,[[6147702 603] [ 388 292938]],1.97829,0.9994,0.9994,0.9994,0.9994,[[263509 120] [ 51 29861]],0.9998,0.9998,0.9998,0.9998,[[6147702 540 63] [ 356 262969 57] [ 32 51 29861]],,,,,,,,
Classification Results,Decision Tree (Gini),Logistic Regression,self,101.87173,1.0,1.0,1.0,1.0,[[6148166 139] [ 111 293215]],4.11712,0.9206,0.913,0.9206,0.9154,[[255542 7873] [ 15419 14520]],0.9963,0.996,0.9963,0.9961,[[6148166 134 5] [ 106 255408 7868] [ 5 15419 14520]],,,,,,,,
Classification Results,Decision Tree (Gini),Logistic Regression,other,116.18426,0.9998,0.9998,0.9998,0.9998,[[6147702 603] [ 388 292938]],2.9818,0.9272,0.923,0.9272,0.9246,[[255110 8519] [ 12858 17054]],0.9965,0.9963,0.9965,0.9964,[[6147702 524 79] [ 356 254586 8440] [ 32 12858 17054]],,,,,,,,
Classification Results,Decision Tree (Gini),Naive Bayes,self,101.87173,1.0,1.0,1.0,1.0,[[6148166 139] [ 111 293215]],0.15481,0.3449,,0.3449,0.4077,[[ 71704 191711] [ 461 29478]],0.9701,0.9957,0.9701,0.973,[[6148166 18 121] [ 106 71686 191590] [ 5 461 29478]],,,,,,,,
Classification Results,Decision Tree (Gini),Naive Bayes,other,116.18426,0.9998,0.9998,0.9998,0.9998,[[6147702 603] [ 388 292938]],0.14629,0.342,,0.342,0.4041,[[ 70939 192690] [ 460 29452]],0.9699,0.9956,0.9699,0.9728,[[6147702 72 531] [ 356 70867 192159] [ 32 460 29452]],,,,,,,,
Classification Results,Decision Tree (Gini),Random Forest (Gini),self,101.87173,1.0,1.0,1.0,1.0,[[6148166 139] [ 111 293215]],27.68704,1.0,1.0,1.0,1.0,[[263411 4] [ 0 29939]],1.0,1.0,1.0,1.0,[[6148166 137 2] [ 106 263274 2] [ 5 0 29939]],,,,,,,,
Classification Results,Decision Tree (Gini),Random Forest (Gini),other,116.18426,0.9998,0.9998,0.9998,0.9998,[[6147702 603] [ 388 292938]],30.78183,0.9999,0.9999,0.9999,0.9999,[[263601 28] [ 3 29909]],0.9998,0.9998,0.9998,0.9998,[[6147702 578 25] [ 356 263023 3] [ 32 3 29909]],,,,,,,,
Classification Results,Gradient Boosting,Decision Tree (Gini),self,2932.70382,0.9983,0.9983,0.9983,0.9983,[[6145437 2868] [ 7900 285426]],1.57249,0.9997,0.9997,0.9997,0.9997,[[258415 76] [ 2 29801]],0.9983,0.9983,0.9983,0.9983,[[6145437 2795 73] [ 7759 255620 3] [ 141 2 29801]],,,,,,,,
Classification Results,Gradient Boosting,Decision Tree (Gini),other,2777.48179,0.9901,0.9901,0.9901,0.9897,[[6143726 4579] [ 58915 234411]],1.83172,0.9995,0.9995,0.9995,0.9995,[[213562 116] [ 9 25303]],0.9901,0.9901,0.9901,0.9897,[[6143726 4466 113] [ 54283 209096 3] [ 4632 9 25303]],,,,,,,,
Classification Results,Gradient Boosting,Gradient Boosting,self,2932.70382,0.9983,0.9983,0.9983,0.9983,[[6145437 2868] [ 7900 285426]],119.28155,0.9999,0.9999,0.9999,0.9999,[[258476 15] [ 6 29797]],0.9983,0.9983,0.9983,0.9983,[[6145437 2861 7] [ 7759 255615 8] [ 141 6 29797]],,,,,,,,
Classification Results,Gradient Boosting,Gradient Boosting,other,2777.48179,0.9901,0.9901,0.9901,0.9897,[[6143726 4579] [ 58915 234411]],70.2051,0.9974,0.9974,0.9974,0.9974,[[213358 320] [ 292 25020]],0.9901,0.99,0.9901,0.9896,[[6143726 4448 131] [ 54283 208910 189] [ 4632 292 25020]],,,,,,,,
Classification Results,Gradient Boosting,KNN (k=5),self,2932.70382,0.9983,0.9983,0.9983,0.9983,[[6145437 2868] [ 7900 285426]],2.33051,0.9989,0.9989,0.9989,0.9989,[[258184 307] [ 4 29799]],0.9983,0.9983,0.9983,0.9983,[[6145437 2577 291] [ 7759 255607 16] [ 141 4 29799]],,,,,,,,
Classification Results,Gradient Boosting,KNN (k=5),other,2777.48179,0.9901,0.9901,0.9901,0.9897,[[6143726 4579] [ 58915 234411]],1.95151,0.9972,0.9973,0.9972,0.9972,[[213016 662] [ 11 25301]],0.9901,0.9901,0.9901,0.9897,[[6143726 3936 643] [ 54283 209080 19] [ 4632 11 25301]],,,,,,,,
Classification Results,Gradient Boosting,Logistic Regression,self,2932.70382,0.9983,0.9983,0.9983,0.9983,[[6145437 2868] [ 7900 285426]],5.62254,0.9184,0.9109,0.9184,0.9134,[[250274 8217] [ 15319 14484]],0.9948,0.9944,0.9948,0.9945,[[6145437 2377 491] [ 7759 247897 7726] [ 141 15319 14484]],,,,,,,,
Classification Results,Gradient Boosting,Logistic Regression,other,2777.48179,0.9901,0.9901,0.9901,0.9897,[[6143726 4579] [ 58915 234411]],3.22892,0.9283,0.9242,0.9283,0.9258,[[206931 6747] [ 10400 14912]],0.9876,0.9868,0.9876,0.9868,[[6143726 3669 910] [ 54283 203262 5837] [ 4632 10400 14912]],,,,,,,,
Classification Results,Gradient Boosting,Naive Bayes,self,2932.70382,0.9983,0.9983,0.9983,0.9983,[[6145437 2868] [ 7900 285426]],0.15448,0.351,0.9049,0.351,0.4142,[[ 71853 186638] [ 463 29340]],0.9695,0.9938,0.9695,0.972,[[6145437 1161 1707] [ 7759 70692 184931] [ 141 463 29340]],,,,,,,,
Classification Results,Gradient Boosting,Naive Bayes,other,2777.48179,0.9901,0.9901,0.9901,0.9897,[[6143726 4579] [ 58915 234411]],0.15545,0.3713,0.9066,0.3713,0.4365,[[ 63624 150054] [ 192 25120]],0.9674,0.9863,0.9674,0.9664,[[6143726 803 3776] [ 54283 62821 146278] [ 4632 192 25120]],,,,,,,,
Classification Results,Gradient Boosting,Random Forest (Gini),self,2932.70382,0.9983,0.9983,0.9983,0.9983,[[6145437 2868] [ 7900 285426]],27.35359,1.0,1.0,1.0,1.0,[[258483 8] [ 0 29803]],0.9983,0.9983,0.9983,0.9983,[[6145437 2862 6] [ 7759 255621 2] [ 141 0 29803]],,,,,,,,
Classification Results,Gradient Boosting,Random Forest (Gini),other,2777.48179,0.9901,0.9901,0.9901,0.9897,[[6143726 4579] [ 58915 234411]],29.96604,0.9996,0.9996,0.9996,0.9996,[[213573 105] [ 2 25310]],0.9901,0.9901,0.9901,0.9897,[[6143726 4477 102] [ 54283 209096 3] [ 4632 2 25310]],,,,,,,,
Classification Results,KNN (k=5),Decision Tree (Gini),self,81.23543,0.9965,0.9966,0.9965,0.9965,[[6135797 12508] [ 9813 283513]],1.38174,0.9996,0.9996,0.9996,0.9996,[[266638 127] [ 0 29256]],0.9965,0.9966,0.9965,0.9965,[[6135797 12383 125] [ 9125 254255 2] [ 688 0 29256]],,,,,,,,
Classification Results,KNN (k=5),Decision Tree (Gini),other,76.05623,0.9959,0.9959,0.9959,0.9959,[[6133048 15257] [ 11444 281882]],1.81694,0.9993,0.9993,0.9993,0.9993,[[267954 206] [ 6 28973]],0.9959,0.9959,0.9959,0.9959,[[6133048 15054 203] [ 10479 252900 3] [ 965 6 28973]],,,,,,,,
Classification Results,KNN (k=5),Gradient Boosting,self,81.23543,0.9965,0.9966,0.9965,0.9965,[[6135797 12508] [ 9813 283513]],68.32909,0.9998,0.9998,0.9998,0.9998,[[266708 57] [ 4 29252]],0.9965,0.9966,0.9965,0.9965,[[6135797 12456 52] [ 9125 254252 5] [ 688 4 29252]],,,,,,,,
Classification Results,KNN (k=5),Gradient Boosting,other,76.05623,0.9959,0.9959,0.9959,0.9959,[[6133048 15257] [ 11444 281882]],69.89525,0.9971,0.9971,0.9971,0.9971,[[267842 318] [ 542 28437]],0.9957,0.9958,0.9957,0.9957,[[6133048 15205 52] [ 10479 252637 266] [ 965 542 28437]],,,,,,,,
Classification Results,KNN (k=5),KNN (k=5),self,81.23543,0.9965,0.9966,0.9965,0.9965,[[6135797 12508] [ 9813 283513]],2.21877,0.9946,0.9949,0.9946,0.9947,[[265184 1581] [ 3 29253]],0.9965,0.9966,0.9965,0.9965,[[6135797 10928 1580] [ 9125 254256 1] [ 688 3 29253]],,,,,,,,
Classification Results,KNN (k=5),KNN (k=5),other,76.05623,0.9959,0.9959,0.9959,0.9959,[[6133048 15257] [ 11444 281882]],2.02534,0.9938,0.9941,0.9938,0.9938,[[266323 1837] [ 20 28959]],0.9958,0.9959,0.9958,0.9959,[[6133048 13434 1823] [ 10479 252889 14] [ 965 20 28959]],,,,,,,,
Classification Results,KNN (k=5),Logistic Regression,self,81.23543,0.9965,0.9966,0.9965,0.9965,[[6135797 12508] [ 9813 283513]],4.44983,0.9205,0.9134,0.9205,0.9159,[[258328 8437] [ 15085 14171]],0.993,0.9927,0.993,0.9928,[[6135797 11759 749] [ 9125 246569 7688] [ 688 15085 14171]],,,,,,,,
Classification Results,KNN (k=5),Logistic Regression,other,76.05623,0.9959,0.9959,0.9959,0.9959,[[6133048 15257] [ 11444 281882]],3.21317,0.9278,0.9243,0.9278,0.9258,[[259116 9044] [ 12417 16562]],0.9927,0.9925,0.9927,0.9926,[[6133048 14354 903] [ 10479 244762 8141] [ 965 12417 16562]],,,,,,,,
Classification Results,KNN (k=5),Naive Bayes,self,81.23543,0.9965,0.9966,0.9965,0.9965,[[6135797 12508] [ 9813 283513]],0.14937,0.3433,0.9083,0.3433,0.4085,[[ 72816 193949] [ 460 28796]],0.968,0.9931,0.968,0.971,[[6135797 2006 10502] [ 9125 70810 183447] [ 688 460 28796]],,,,,,,,
Classification Results,KNN (k=5),Naive Bayes,other,76.05623,0.9959,0.9959,0.9959,0.9959,[[6133048 15257] [ 11444 281882]],0.13842,0.3387,0.9091,0.3387,0.404,[[ 72121 196039] [ 460 28519]],0.9673,0.9926,0.9673,0.9704,[[6133048 2399 12858] [ 10479 69722 183181] [ 965 460 28519]],,,,,,,,
Classification Results,KNN (k=5),Random Forest (Gini),self,81.23543,0.9965,0.9966,0.9965,0.9965,[[6135797 12508] [ 9813 283513]],27.34462,,,,,[[266698 67] [ 0 29256]],0.9965,0.9966,0.9965,0.9965,[[6135797 12441 67] [ 9125 254257 0] [ 688 0 29256]],,,,,,,,
Classification Results,KNN (k=5),Random Forest (Gini),other,76.05623,0.9959,0.9959,0.9959,0.9959,[[6133048 15257] [ 11444 281882]],30.26414,,,,,[[268105 55] [ 0 28979]],0.9959,0.9959,0.9959,0.9959,[[6133048 15203 54] [ 10479 252902 1] [ 965 0 28979]],,,,,,,,
Classification Results,Logistic Regression,Decision Tree (Gini),self,140.34818,0.951,0.9315,0.951,0.9376,[[6096087 52218] [ 263492 29834]],2.50948,0.9939,0.9964,0.9939,0.9947,[[80846 500] [ 0 706]],0.951,0.9324,0.951,0.9375,[[6096087 51718 500] [ 234254 29128 0] [ 29238 0 706]],,,,,,,,
Classification Results,Logistic Regression,Decision Tree (Gini),other,71.24898,0.9478,0.9277,0.9478,0.9354,[[6077071 71234] [ 264701 28625]],1.78103,0.9985,0.9988,0.9985,0.9986,[[98862 146] [ 0 851]],0.9478,0.9301,0.9478,0.9353,[[6077071 71089 145] [ 235608 27773 1] [ 29093 0 851]],,,,,,,,
Classification Results,Logistic Regression,Gradient Boosting,self,140.34818,0.951,0.9315,0.951,0.9376,[[6096087 52218] [ 263492 29834]],123.04724,0.9964,0.9974,0.9964,0.9967,[[81047 299] [ 0 706]],0.951,0.9329,0.951,0.9375,[[6096087 51920 298] [ 234254 29127 1] [ 29238 0 706]],,,,,,,,
Classification Results,Logistic Regression,Gradient Boosting,other,71.24898,0.9478,0.9277,0.9478,0.9354,[[6077071 71234] [ 264701 28625]],70.08526,0.9983,0.9983,0.9983,0.9983,[[98897 111] [ 62 789]],0.9478,0.9301,0.9478,0.9353,[[6077071 71203 31] [ 235608 27694 80] [ 29093 62 789]],,,,,,,,
Classification Results,Logistic Regression,KNN (k=5),self,140.34818,0.951,0.9315,0.951,0.9376,[[6096087 52218] [ 263492 29834]],4.28252,0.9532,0.9927,0.9532,0.9698,[[77508 3838] [ 0 706]],0.951,0.931,0.951,0.9375,[[6096087 48383 3835] [ 234254 29125 3] [ 29238 0 706]],,,,,,,,
Classification Results,Logistic Regression,KNN (k=5),other,71.24898,0.9478,0.9277,0.9478,0.9354,[[6077071 71234] [ 264701 28625]],1.96004,0.956,0.9928,0.956,0.9714,[[94617 4391] [ 1 850]],0.9478,0.9274,0.9478,0.9354,[[6077071 66853 4381] [ 235608 27764 10] [ 29093 1 850]],,,,,,,,
Classification Results,Logistic Regression,Logistic Regression,self,140.34818,0.951,0.9315,0.951,0.9376,[[6096087 52218] [ 263492 29834]],5.64898,0.8963,0.9838,0.8963,0.9374,[[73413 7933] [ 574 132]],0.9509,0.931,0.9509,0.9374,[[6096087 44479 7739] [ 234254 28934 194] [ 29238 574 132]],,,,,,,,
Classification Results,Logistic Regression,Logistic Regression,other,71.24898,0.9478,0.9277,0.9478,0.9354,[[6077071 71234] [ 264701 28625]],3.13499,0.966,0.9835,0.966,0.9746,[[96412 2596] [ 801 50]],0.9477,0.9263,0.9477,0.9351,[[6077071 68777 2457] [ 235608 27635 139] [ 29093 801 50]],,,,,,,,
Classification Results,Logistic Regression,Naive Bayes,self,140.34818,0.951,0.9315,0.951,0.9376,[[6096087 52218] [ 263492 29834]],0.27737,0.1933,0.9904,0.1933,0.3117,[[15168 66178] [ 17 689]],0.9477,0.9364,0.9477,0.9328,[[6096087 7214 45004] [ 234254 7954 21174] [ 29238 17 689]],,,,,,,,
Classification Results,Logistic Regression,Naive Bayes,other,71.24898,0.9478,0.9277,0.9478,0.9354,[[6077071 71234] [ 264701 28625]],0.14396,0.2086,0.9913,0.2086,0.3332,[[19987 79021] [ 5 846]],0.9452,0.9365,0.9452,0.9319,[[6077071 9302 61932] [ 235608 10685 17089] [ 29093 5 846]],,,,,,,,
Classification Results,Logistic Regression,Random Forest (Gini),self,140.34818,0.951,0.9315,0.951,0.9376,[[6096087 52218] [ 263492 29834]],51.40744,0.9971,0.9978,0.9971,0.9973,[[81109 237] [ 0 706]],0.951,0.9331,0.951,0.9375,[[6096087 51982 236] [ 234254 29127 1] [ 29238 0 706]],,,,,,,,
Classification Results,Logistic Regression,Random Forest (Gini),other,71.24898,0.9478,0.9277,0.9478,0.9354,[[6077071 71234] [ 264701 28625]],29.88965,0.9999,0.9999,0.9999,0.9999,[[98997 11] [ 0 851]],0.9478,0.9307,0.9478,0.9353,[[6077071 71225 9] [ 235608 27772 2] [ 29093 0 851]],,,,,,,,
Classification Results,Naive Bayes,Decision Tree (Gini),self,3.50884,0.9382,0.9311,0.9382,0.9344,[[5982369 165936] [ 232111 61215]],1.43134,0.9882,0.9919,0.9882,0.9893,[[218646 2683] [ 1 5821]],0.9382,0.9324,0.9382,0.9345,[[5982369 163253 2683] [ 207989 55393 0] [ 24122 1 5821]],,,,,,,,
Classification Results,Naive Bayes,Decision Tree (Gini),other,3.20446,0.94,0.9259,0.94,0.9323,[[6017065 131240] [ 255278 38048]],1.78356,0.9853,0.9906,0.9853,0.9868,[[162353 2491] [ 0 4444]],0.94,0.9271,0.94,0.9323,[[6017065 128749 2491] [ 229778 33604 0] [ 25500 0 4444]],,,,,,,,
Classification Results,Naive Bayes,Gradient Boosting,self,3.50884,0.9382,0.9311,0.9382,0.9344,[[5982369 165936] [ 232111 61215]],68.96772,0.998,0.9981,0.998,0.998,[[220873 456] [ 1 5821]],0.9382,0.9334,0.9382,0.9346,[[5982369 165480 456] [ 207989 55393 0] [ 24122 1 5821]],,,,,,,,
Classification Results,Naive Bayes,Gradient Boosting,other,3.20446,0.94,0.9259,0.94,0.9323,[[6017065 131240] [ 255278 38048]],69.66773,0.9785,0.9876,0.9785,0.9814,[[161298 3546] [ 96 4348]],0.94,0.9267,0.94,0.9323,[[6017065 127694 3546] [ 229778 33604 0] [ 25500 96 4348]],,,,,,,,
Classification Results,Naive Bayes,KNN (k=5),self,3.50884,0.9382,0.9311,0.9382,0.9344,[[5982369 165936] [ 232111 61215]],2.28117,0.9217,0.9807,0.9217,0.9437,[[203545 17784] [ 0 5822]],0.9382,0.9311,0.9382,0.9344,[[5982369 148154 17782] [ 207989 55391 2] [ 24122 0 5822]],,,,,,,,
Classification Results,Naive Bayes,KNN (k=5),other,3.20446,0.94,0.9259,0.94,0.9323,[[6017065 131240] [ 255278 38048]],1.95405,0.8747,0.9783,0.8747,0.9146,[[143641 21203] [ 1 4443]],0.94,0.926,0.94,0.9323,[[6017065 110043 21197] [ 229778 33598 6] [ 25500 1 4443]],,,,,,,,
Classification Results,Naive Bayes,Logistic Regression,self,3.50884,0.9382,0.9311,0.9382,0.9344,[[5982369 165936] [ 232111 61215]],3.99651,0.8427,0.9673,0.8427,0.8942,[[187482 33847] [ 1884 3938]],0.9378,0.9311,0.9378,0.9341,[[5982369 132803 33133] [ 207989 54679 714] [ 24122 1884 3938]],,,,,,,,
Classification Results,Naive Bayes,Logistic Regression,other,3.20446,0.94,0.9259,0.94,0.9323,[[6017065 131240] [ 255278 38048]],2.94796,0.7918,0.9604,0.7918,0.8619,[[131669 33175] [ 2074 2370]],0.9395,0.9259,0.9395,0.9318,[[6017065 99110 32130] [ 229778 32559 1045] [ 25500 2074 2370]],,,,,,,,
Classification Results,Naive Bayes,Naive Bayes,self,3.50884,0.9382,0.9311,0.9382,0.9344,[[5982369 165936] [ 232111 61215]],0.14984,0.2984,0.9742,0.2984,0.4282,[[ 62032 159297] [ 66 5756]],0.9321,0.9297,0.9321,0.9281,[[5982369 45801 120135] [ 207989 16231 39162] [ 24122 66 5756]],,,,,,,,
Classification Results,Naive Bayes,Naive Bayes,other,3.20446,0.94,0.9259,0.94,0.9323,[[6017065 131240] [ 255278 38048]],0.14744,0.3242,0.9736,0.3242,0.4585,[[ 50500 114344] [ 56 4388]],0.9368,0.9263,0.9368,0.9284,[[6017065 37452 93788] [ 229778 13048 20556] [ 25500 56 4388]],,,,,,,,
Classification Results,Naive Bayes,Random Forest (Gini),self,3.50884,0.9382,0.9311,0.9382,0.9344,[[5982369 165936] [ 232111 61215]],27.60748,0.9986,0.9987,0.9986,0.9986,[[221010 319] [ 0 5822]],0.9382,0.9335,0.9382,0.9346,[[5982369 165617 319] [ 207989 55393 0] [ 24122 0 5822]],,,,,,,,
Classification Results,Naive Bayes,Random Forest (Gini),other,3.20446,0.94,0.9259,0.94,0.9323,[[6017065 131240] [ 255278 38048]],30.17026,0.998,0.9982,0.998,0.9981,[[164508 336] [ 0 4444]],0.94,0.9283,0.94,0.9324,[[6017065 130904 336] [ 229778 33604 0] [ 25500 0 4444]],,,,,,,,
Classification Results,Random Forest (Gini),Decision Tree (Gini),self,1925.22833,1.0,1.0,1.0,1.0,[[6148283 22] [ 147 293179]],1.41484,1.0,1.0,1.0,1.0,[[263256 3] [ 2 29940]],1.0,1.0,1.0,1.0,[[6148283 22 0] [ 145 263234 3] [ 2 2 29940]],,,,,,,,
Classification Results,Random Forest (Gini),Decision Tree (Gini),other,1905.38074,0.9999,0.9999,0.9999,0.9999,[[6148253 52] [ 481 292845]],1.7578,0.9999,0.9999,0.9999,0.9999,[[262956 16] [ 9 29916]],0.9999,0.9999,0.9999,0.9999,[[6148253 42 10] [ 462 262914 6] [ 19 9 29916]],,,,,,,,
Classification Results,Random Forest (Gini),Gradient Boosting,self,1925.22833,1.0,1.0,1.0,1.0,[[6148283 22] [ 147 293179]],68.04941,0.9999,0.9999,0.9999,0.9999,[[263250 9] [ 6 29936]],1.0,1.0,1.0,1.0,[[6148283 21 1] [ 145 263229 8] [ 2 6 29936]],,,,,,,,
Classification Results,Random Forest (Gini),Gradient Boosting,other,1905.38074,0.9999,0.9999,0.9999,0.9999,[[6148253 52] [ 481 292845]],69.44947,0.9969,0.9969,0.9969,0.9969,[[262640 332] [ 562 29363]],0.9998,0.9998,0.9998,0.9998,[[6148253 39 13] [ 462 262601 319] [ 19 562 29363]],,,,,,,,
Classification Results,Random Forest (Gini),KNN (k=5),self,1925.22833,1.0,1.0,1.0,1.0,[[6148283 22] [ 147 293179]],2.11893,0.9999,0.9999,0.9999,0.9999,[[263240 19] [ 5 29937]],1.0,1.0,1.0,1.0,[[6148283 20 2] [ 145 263220 17] [ 2 5 29937]],,,,,,,,
Classification Results,Random Forest (Gini),KNN (k=5),other,1905.38074,0.9999,0.9999,0.9999,0.9999,[[6148253 52] [ 481 292845]],1.96799,0.9996,0.9996,0.9996,0.9996,[[262903 69] [ 43 29882]],0.9999,0.9999,0.9999,0.9999,[[6148253 39 13] [ 462 262864 56] [ 19 43 29882]],,,,,,,,
Classification Results,Random Forest (Gini),Logistic Regression,self,1925.22833,1.0,1.0,1.0,1.0,[[6148283 22] [ 147 293179]],3.96318,0.9206,0.913,0.9206,0.9154,[[255387 7872] [ 15421 14521]],0.9964,0.996,0.9964,0.9961,[[6148283 15 7] [ 145 255372 7865] [ 2 15421 14521]],,,,,,,,
Classification Results,Random Forest (Gini),Logistic Regression,other,1905.38074,0.9999,0.9999,0.9999,0.9999,[[6148253 52] [ 481 292845]],2.99564,0.9272,0.9229,0.9272,0.9246,[[254514 8458] [ 12864 17061]],0.9966,0.9964,0.9966,0.9965,[[6148253 41 11] [ 462 254473 8447] [ 19 12864 17061]],,,,,,,,
Classification Results,Random Forest (Gini),Naive Bayes,self,1925.22833,1.0,1.0,1.0,1.0,[[6148283 22] [ 147 293179]],0.16206,0.345,,0.345,0.4077,[[ 71671 191588] [ 462 29480]],0.9702,0.9957,0.9702,0.973,[[6148283 1 21] [ 145 71670 191567] [ 2 462 29480]],,,,,,,,
Classification Results,Random Forest (Gini),Naive Bayes,other,1905.38074,0.9999,0.9999,0.9999,0.9999,[[6148253 52] [ 481 292845]],0.14421,0.3423,,0.3423,0.4043,[[ 70803 192169] [ 457 29468]],0.97,0.9956,0.97,0.9728,[[6148253 3 49] [ 462 70800 192120] [ 19 457 29468]],,,,,,,,
Classification Results,Random Forest (Gini),Random Forest (Gini),self,1925.22833,1.0,1.0,1.0,1.0,[[6148283 22] [ 147 293179]],27.51724,1.0,1.0,1.0,1.0,[[263256 3] [ 0 29942]],1.0,1.0,1.0,1.0,[[6148283 21 1] [ 145 263235 2] [ 2 0 29942]],,,,,,,,
Classification Results,Random Forest (Gini),Random Forest (Gini),other,1905.38074,0.9999,0.9999,0.9999,0.9999,[[6148253 52] [ 481 292845]],29.8576,0.9999,0.9999,0.9999,0.9999,[[262958 14] [ 2 29923]],0.9999,0.9999,0.9999,0.9999,[[6148253 41 11] [ 462 262917 3] [ 19 2 29923]],,,,,,,,
Final Test Results,,,,,,,,,[[835100 3] [ 3 12287]],,1.0,1.0,1.0,1.0,[[9839 0] [ 0 2451]],,,,,[[835100 3 0] [ 3 9836 0] [ 0 0 2451]],test_1.csv,self,1753.36575,4.80655,25.95,0.02805,,
Final Test Results,,,,,,,,,[[835097 6] [ 16 12274]],,0.9998,0.9998,0.9998,0.9998,[[9826 3] [ 0 2451]],,,,,[[835097 3 3] [ 16 9823 0] [ 0 0 2451]],test_1.csv,other,1929.81008,4.62193,29.37385,0.02843,,
Final Test Results,,,,,,,,,[[626765 3] [ 0 6900]],,,,,,[[6303 0] [ 0 600]],,,,,[[626765 3 0] [ 0 6300 0] [ 0 0 600]],test_1.csv,self,1753.36575,3.67981,26.25091,0.03273,,
Final Test Results,,,,,,,,,[[626766 2] [ 0 6900]],,,,,,[[6302 0] [ 0 600]],,,,,[[626766 2 0] [ 0 6300 0] [ 0 0 600]],test_1.csv,other,1929.81008,3.66178,29.56998,0.03092,,
Final Test Results,,,,,,,,,[[1424747 1] [ 0 43800]],,,,,,[[42001 0] [ 0 1800]],,,,,[[1424747 1 0] [ 0 42000 0] [ 0 0 1800]],test_1.csv,self,1753.36575,6.68519,25.59761,0.15554,,
Final Test Results,,,,,,,,,[[1424745 3] [ 0 43800]],,,,,,[[42003 0] [ 0 1800]],,,,,[[1424745 3 0] [ 0 42000 0] [ 0 0 1800]],test_1.csv,other,1929.81008,6.77669,29.59688,0.12519,,
Final Test Results,,,,,,,,,[[565544 0] [ 0 12002]],,,,,,[[9974 0] [ 0 2028]],,,,,[[565544 0 0] [ 0 9974 0] [ 0 0 2028]],test_13.csv,self,1753.36575,3.33421,26.12505,0.04338,,
Final Test Results,,,,,,,,,[[565538 6] [ 11 11991]],,,,,,[[9976 0] [ 0 2021]],,,,,[[565538 6 0] [ 4 9970 0] [ 7 0 2021]],test_13.csv,other,1929.81008,3.95742,29.16952,0.04655,,
Final Test Results,,,,,,,,,[[557247 0] [ 0 5700]],,,,,,[[5100 0] [ 0 600]],,,,,[[557247 0 0] [ 0 5100 0] [ 0 0 600]],test_13.csv,self,1753.36575,3.30369,25.70106,0.02393,,
Final Test Results,,,,,,,,,[[557247 0] [ 7 5693]],,,,,,[[5093 0] [ 0 600]],,,,,[[557247 0 0] [ 7 5093 0] [ 0 0 600]],test_13.csv,other,1929.81008,3.7159,28.99171,0.02694,,
Final Test Results,,,,,,,,,[[536154 1] [ 3 6280]],,,,,,[[4628 0] [ 0 1653]],,,,,[[536154 1 0] [ 3 4627 0] [ 0 0 1653]],test_2.csv,self,1753.36575,3.04536,25.92982,0.02534,,
Final Test Results,,,,,,,,,[[536154 1] [ 10 6273]],,,,,,[[4624 0] [ 0 1650]],,,,,[[536154 1 0] [ 7 4623 0] [ 3 0 1650]],test_2.csv,other,1929.81008,3.1844,28.93107,0.02621,,
Final Test Results,,,,,,,,,[[432355 0] [ 0 7200]],,,,,,[[6600 0] [ 0 600]],,,,,[[432355 0 0] [ 0 6600 0] [ 0 0 600]],test_2.csv,self,1753.36575,2.46657,25.44445,0.02608,,
Final Test Results,,,,,,,,,[[432355 0] [ 4 7196]],,,,,,[[6597 0] [ 0 599]],,,,,[[432355 0 0] [ 3 6597 0] [ 1 0 599]],test_2.csv,other,1929.81008,2.71644,29.40005,0.03216,,
Final Test Results,,,,,,,,,[[1690239 1] [ 1 109199]],,,,,,[[101700 0] [ 0 7500]],,,,,[[1690239 1 0] [ 1 101699 0] [ 0 0 7500]],test_2.csv,self,1753.36575,8.61386,25.61802,0.43152,,
Final Test Results,,,,,,,,,[[1690235 5] [ 0 109200]],,,,,,[[101705 0] [ 0 7500]],,,,,[[1690235 5 0] [ 0 101700 0] [ 0 0 7500]],test_2.csv,other,1929.81008,7.50492,29.41922,0.37755,,
Final Test Results,,,,,,,,,[[1077537 1] [ 1 88199]],,,,,,[[81300 0] [ 0 6900]],,,,,[[1077537 1 0] [ 1 81299 0] [ 0 0 6900]],test_3.csv,self,1753.36575,5.54485,25.88871,0.36156,,
Final Test Results,,,,,,,,,[[1077528 10] [ 8 88192]],,,,,,[[81301 2] [ 0 6899]],,,,,[[1077528 8 2] [ 7 81293 0] [ 1 0 6899]],test_3.csv,other,1929.81008,7.49428,30.79672,0.38786,,
Final Test Results,,,,,1.0,1.0,1.0,1.0,[[38680 0] [ 0 271]],,1.0,1.0,1.0,1.0,[[259 0] [ 0 12]],1.0,1.0,1.0,1.0,[[38680 0 0] [ 0 259 0] [ 0 0 12]],test_5.csv,self,1753.36575,0.21625,25.97587,0.00336,,
Final Test Results,,,,,0.9999,0.9999,0.9999,0.9999,[[38679 1] [ 1 270]],,0.9963,0.9966,0.9963,0.9964,[[259 1] [ 0 11]],0.9999,0.9999,0.9999,0.9999,[[38679 0 1] [ 0 259 0] [ 1 0 11]],test_5.csv,other,1929.81008,0.14164,29.00932,0.00316,,
Final Test Results,,,,,,,,,,,,,,,,,,,,,test_5.csv,self,1753.36575,0.18361,26.27507,0.02473,,
Final Test Results,,,,,,,,,,,,,,,,,,,,,test_5.csv,other,1929.81008,0.08991,29.02942,0.01927,,
Final Test Results,,,,,1.0,1.0,1.0,1.0,[[570753 4] [ 11 55486]],,,,,,[[42853 0] [ 0 12637]],1.0,1.0,1.0,1.0,[[570753 4 0] [ 11 42849 0] [ 0 0 12637]],test_9.csv,self,1753.36575,3.86874,26.6003,0.19984,,
Final Test Results,,,,,0.9999,0.9999,0.9999,0.9999,[[570737 20] [ 22 55475]],,,,,,[[42857 1] [ 0 12637]],0.9999,0.9999,0.9999,0.9999,[[570737 19 1] [ 22 42838 0] [ 0 0 12637]],test_9.csv,other,1929.81008,4.1684,29.34337,0.18948,,
Final Test Results,,,,,,,,,[[405989 3] [ 0 66000]],,,,,,[[60603 0] [ 0 5400]],,,,,[[405989 3 0] [ 0 60600 0] [ 0 0 5400]],test_9.csv,self,1753.36575,3.06096,26.02628,0.31454,,
Final Test Results,,,,,,,,,[[405985 7] [ 0 66000]],,,,,,[[60606 1] [ 0 5400]],,,,,[[405985 6 1] [ 0 60600 0] [ 0 0 5400]],test_9.csv,other,1929.81008,2.95171,29.16154,0.26093,,
Feature N Results,,,,,,,,,[[6148255 50] [ 0 293326]],,0.8979,0.8063,0.8979,0.8496,[[263432 0] [ 29944 0]],,0.9912,,,[[6148255 50 0] [ 0 263382 0] [ 0 29944 0]],,self,1236.34169,22.41918,9.80697,1.06361,2.0,
Feature N Results,,,,,,,,,[[6148000 305] [ 0 293326]],,0.898,0.8064,0.898,0.8498,[[263687 0] [ 29944 0]],,0.9911,,,[[6148000 305 0] [ 0 263382 0] [ 0 29944 0]],,other,3437.34406,34.42989,30.06039,1.64937,2.0,
Feature N Results,,,,,1.0,1.0,1.0,1.0,[[6148274 31] [ 13 293313]],,0.9178,0.9094,0.9178,0.9121,[[255312 8091] [ 16033 13908]],0.9962,0.9959,0.9962,0.996,[[6148274 30 1] [ 10 255282 8090] [ 3 16033 13908]],,self,1420.62788,35.95722,40.5018,4.03878,3.0,
Feature N Results,,,,,0.9998,0.9998,0.9998,0.9998,[[6148034 271] [ 1326 292000]],,0.9177,0.911,0.9177,0.9135,[[253595 9034] [ 15034 14608]],0.996,0.9957,0.996,0.9958,[[6148034 207 64] [ 1024 253388 8970] [ 302 15034 14608]],,other,3302.00518,59.66542,81.83318,5.66547,3.0,
Feature N Results,,,,,,,,,[[6148280 25] [ 3 293323]],,,,,,[[263402 2] [ 0 29944]],,,,,[[6148280 24 1] [ 3 263378 1] [ 0 0 29944]],,self,1236.64455,38.70843,17.70596,1.38026,4.0,"Dport, SrcAddr, Sport, Label"
Feature N Results,,,,,,,,,[[6148254 51] [ 58 293268]],,,,,,[[263376 12] [ 2 29929]],,,,,[[6148254 39 12] [ 45 263337 0] [ 13 2 29929]],,other,2558.72659,57.43048,46.52028,2.14356,4.0,"SrcAddr, Dport, Sport, Label"
Feature N Results,,,,,,,,,[[6148281 24] [ 6 293320]],,,,,,[[263402 0] [ 0 29942]],,,,,[[6148281 24 0] [ 4 263378 0] [ 2 0 29942]],,self,1638.89507,35.11601,23.20581,1.03343,5.0,"Dport, SrcAddr, Sport, DstAddr, Label"
Feature N Results,,,,,,,,,[[6148268 37] [ 54 293272]],,,,,,[[263390 2] [ 3 29914]],,,,,[[6148268 37 0] [ 27 263353 2] [ 27 3 29914]],,other,3462.64909,53.89781,65.6913,1.7825,5.0,"DstAddr, SrcAddr, Dport, Sport, Label"
Feature N Results,,,,,,,,,[[6148285 20] [ 17 293309]],,1.0,1.0,1.0,1.0,[[263386 2] [ 0 29941]],,,,,[[6148285 18 2] [ 14 263368 0] [ 3 0 29941]],,self,1704.76958,39.07212,25.52262,1.09673,6.0,"Dport, SrcBytes, SrcAddr, Sport, DstAddr, Label"
Feature N Results,,,,,,,,,[[6148268 37] [ 112 293214]],,0.9999,0.9999,0.9999,0.9999,[[263322 12] [ 5 29912]],,,,,[[6148268 28 9] [ 85 263294 3] [ 27 5 29912]],,other,3407.33708,58.53987,70.43759,1.85147,6.0,"SrcBytes, DstAddr, SrcAddr, Dport, Sport, Label"
Feature N Results,,,,,,,,,[[6148287 18] [ 37 293289]],,1.0,1.0,1.0,1.0,[[263362 2] [ 0 29943]],,,,,[[6148287 17 1] [ 36 263345 1] [ 1 0 29943]],,self,1857.47481,43.03154,26.6678,1.16844,7.0,"Dport, SrcBytes, SrcAddr, TotBytes, Sport, DstAddr, Label"
Feature N Results,,,,,,,,,[[6148247 58] [ 207 293119]],,0.9999,0.9999,0.9999,0.9999,[[263243 12] [ 6 29916]],,,,,[[6148247 49 9] [ 185 263194 3] [ 22 6 29916]],,other,3523.22405,62.70109,68.20274,1.77203,7.0,"TotBytes, SrcBytes, DstAddr, SrcAddr, Dport, Sport, Label"
Feature N Results,,,,,,,,,[[6148284 21] [ 48 293278]],,,,,,[[263353 2] [ 0 29944]],,,,,[[6148284 20 1] [ 48 263333 1] [ 0 0 29944]],,self,1690.58567,43.20278,26.04224,1.21213,8.0,"Dport, SrcBytes, SrcAddr, TotBytes, State, Sport, DstAddr, Label"
Feature N Results,,,,,,,,,[[6148268 37] [ 234 293092]],,,,,,[[263195 8] [ 6 29920]],,,,,[[6148268 31 6] [ 216 263164 2] [ 18 6 29920]],,other,3289.90718,63.06714,64.672,1.81699,8.0,"TotBytes, State, SrcBytes, DstAddr, SrcAddr, Dport, Sport, Label"
Feature N Results,,,,,1.0,1.0,1.0,1.0,[[6148284 21] [ 117 293209]],,,,,,[[263285 2] [ 0 29943]],1.0,1.0,1.0,1.0,[[6148284 20 1] [ 116 263265 1] [ 1 0 29943]],,self,1872.16864,44.16986,27.98719,1.24685,9.0,"Dport, SrcBytes, SrcAddr, TotBytes, State, Dur, Sport, DstAddr, Label"
Feature N Results,,,,,0.9999,0.9999,0.9999,0.9999,[[6148263 42] [ 363 292963]],,,,,,[[263072 9] [ 5 29919]],0.9999,0.9999,0.9999,0.9999,[[6148263 35 7] [ 343 263037 2] [ 20 5 29919]],,other,3577.45266,66.26511,69.07983,1.80803,9.0,"TotBytes, Dur, State, SrcBytes, DstAddr, SrcAddr, Dport, Sport, Label"
Feature N Results,,,,,,,,,[[6148287 18] [ 80 293246]],,,,,,[[263317 3] [ 0 29944]],,,,,[[6148287 17 1] [ 80 263300 2] [ 0 0 29944]],,self,2402.79762,43.39537,34.04438,1.128,10.0,"Dport, SrcBytes, SrcAddr, tcp, TotBytes, State, Dur, Sport, DstAddr, Label"
Feature N Results,,,,,,,,,[[6148256 49] [ 265 293061]],,,,,,[[263173 9] [ 2 29926]],,,,,[[6148256 41 8] [ 249 263132 1] [ 16 2 29926]],,other,4523.40617,62.43604,81.9375,1.6826,10.0,"TotBytes, Dur, State, SrcBytes, DstAddr, tcp, SrcAddr, Dport, Sport, Label"
Feature N Results,,,,,1.0,1.0,1.0,1.0,[[6148286 19] [ 95 293231]],,,,,,[[263303 3] [ 0 29944]],1.0,1.0,1.0,1.0,[[6148286 18 1] [ 95 263285 2] [ 0 0 29944]],,self,2349.33078,45.54329,32.34734,1.1382,11.0,"Dport, SrcBytes, SrcAddr, TotPkts, tcp, TotBytes, State, Dur, Sport, DstAddr, Label"
Feature N Results,,,,,0.9999,0.9999,0.9999,0.9999,[[6148254 51] [ 354 292972]],,,,,,[[263080 12] [ 2 29929]],0.9999,0.9999,0.9999,0.9999,[[6148254 41 10] [ 341 263039 2] [ 13 2 29929]],,other,4310.51989,64.17902,77.03421,1.58914,11.0,"TotBytes, Dur, State, SrcBytes, DstAddr, tcp, SrcAddr, Dport, Sport, TotPkts, Label"
Feature N Results,,,,,1.0,1.0,1.0,1.0,[[6148291 14] [ 101 293225]],,,,,,[[263292 3] [ 0 29944]],1.0,1.0,1.0,1.0,[[6148291 13 1] [ 101 263279 2] [ 0 0 29944]],,self,2187.31128,45.91103,31.2888,1.15541,12.0,"Dport, SrcBytes, SrcAddr, TotPkts, tcp, TotBytes, State, Dur, Sport, DstAddr, Dir, Label"
Feature N Results,,,,,0.9999,0.9999,0.9999,0.9999,[[6148252 53] [ 354 292972]],,,,,,[[263088 11] [ 2 29924]],0.9999,0.9999,0.9999,0.9999,[[6148252 44 9] [ 336 263044 2] [ 18 2 29924]],,other,3913.87534,64.84114,72.96393,1.60407,12.0,"TotBytes, Dur, State, SrcBytes, DstAddr, tcp, SrcAddr, Dport, Sport, TotPkts, Label, Dir"
Feature N Results,,,,,1.0,1.0,1.0,1.0,[[6148286 19] [ 112 293214]],,,,,,[[263287 3] [ 0 29943]],1.0,1.0,1.0,1.0,[[6148286 18 1] [ 111 263269 2] [ 1 0 29943]],,self,2096.24358,46.18095,29.86835,1.16668,13.0,"Dport, SrcBytes, SrcAddr, TotPkts, tcp, TotBytes, State, Dur, Sport, udp, DstAddr, Dir, Label"
Feature N Results,,,,,0.9999,0.9999,0.9999,0.9999,[[6148253 52] [ 397 292929]],,,,,,[[263044 12] [ 1 29924]],0.9999,0.9999,0.9999,0.9999,[[6148253 42 10] [ 378 263002 2] [ 19 1 29924]],,other,3771.44775,67.27981,71.59229,1.69534,13.0,"TotBytes, Dur, State, udp, SrcBytes, DstAddr, tcp, SrcAddr, Dport, Sport, TotPkts, Label, Dir"
Feature N Results,,,,,1.0,1.0,1.0,1.0,[[6148286 19] [ 141 293185]],,,,,,[[263258 3] [ 0 29943]],1.0,1.0,1.0,1.0,[[6148286 18 1] [ 140 263240 2] [ 1 0 29943]],,self,1988.49412,47.80463,28.36674,1.19431,14.0,"Dport, SrcBytes, SrcAddr, TotPkts, tcp, rtp, TotBytes, State, Dur, Sport, udp, DstAddr, Dir, Label"
Feature N Results,,,,,0.9999,0.9999,0.9999,0.9999,[[6148256 49] [ 446 292880]],,,,,,[[262994 10] [ 2 29923]],0.9999,0.9999,0.9999,0.9999,[[6148256 40 9] [ 427 262954 1] [ 19 2 29923]],,other,3589.59722,69.29788,68.1504,1.74404,14.0,"TotBytes, Dur, State, udp, SrcBytes, DstAddr, tcp, SrcAddr, Dport, Sport, rtp, TotPkts, Label, Dir"
Feature N Results,,,,,1.0,1.0,1.0,1.0,[[6148288 17] [ 143 293183]],,,,,,[[263254 3] [ 0 29943]],1.0,1.0,1.0,1.0,[[6148288 16 1] [ 142 263238 2] [ 1 0 29943]],,self,1945.70199,49.43664,27.21615,1.2266,15.0,"Dport, SrcBytes, SrcAddr, TotPkts, tcp, rtp, TotBytes, State, Dur, Sport, udp, icmp, DstAddr, Dir, Label"
Feature N Results,,,,,0.9999,0.9999,0.9999,0.9999,[[6148247 58] [ 500 292826]],,,,,,[[262946 13] [ 1 29924]],0.9999,0.9999,0.9999,0.9999,[[6148247 46 12] [ 481 262900 1] [ 19 1 29924]],,other,3468.60299,71.06091,66.7647,1.77569,15.0,"TotBytes, Dur, State, udp, SrcBytes, DstAddr, icmp, tcp, SrcAddr, Dport, Sport, rtp, TotPkts, Label, Dir"
Feature N Results,,,,,1.0,1.0,1.0,1.0,[[6148286 19] [ 152 293174]],,1.0,1.0,1.0,1.0,[[263248 3] [ 0 29942]],1.0,1.0,1.0,1.0,[[6148286 18 1] [ 150 263230 2] [ 2 0 29942]],,self,1891.26092,49.31666,27.05906,1.26564,16.0,"Dport, igmp, SrcBytes, SrcAddr, TotPkts, tcp, rtp, TotBytes, State, Dur, Sport, udp, icmp, DstAddr, Dir, Label"
Feature N Results,,,,,0.9999,0.9999,0.9999,0.9999,[[6148251 54] [ 483 292843]],,0.9999,0.9999,0.9999,0.9999,[[262959 13] [ 2 29923]],0.9999,0.9999,0.9999,0.9999,[[6148251 44 10] [ 464 262915 3] [ 19 2 29923]],,other,3303.49531,71.17834,62.08921,1.77869,16.0,"TotBytes, Dur, State, udp, SrcBytes, DstAddr, icmp, tcp, SrcAddr, Dport, Sport, rtp, TotPkts, Label, Dir, igmp"
Feature N Results,,,,,1.0,1.0,1.0,1.0,[[6148283 22] [ 138 293188]],,,,,,[[263264 3] [ 0 29943]],1.0,1.0,1.0,1.0,[[6148283 21 1] [ 137 263243 2] [ 1 0 29943]],,self,2225.20959,47.28531,32.67449,1.24396,17.0,"Dport, igmp, SrcBytes, SrcAddr, TotPkts, tcp, rtp, TotBytes, State, Dur, Sport, udp, icmp, DstAddr, rtcp, Dir, Label"
Feature N Results,,,,,0.9999,0.9999,0.9999,0.9999,[[6148254 51] [ 395 292931]],,,,,,[[263043 13] [ 1 29925]],0.9999,0.9999,0.9999,0.9999,[[6148254 39 12] [ 377 263004 1] [ 18 1 29925]],,other,3964.98516,67.71634,72.54381,1.71447,17.0,"TotBytes, Dur, State, udp, SrcBytes, DstAddr, icmp, tcp, SrcAddr, Dport, Sport, rtp, TotPkts, Label, Dir, igmp, rtcp"
Feature N Results,,,,,1.0,1.0,1.0,1.0,[[6148289 16] [ 118 293208]],,,,,,[[263279 3] [ 0 29942]],1.0,1.0,1.0,1.0,[[6148289 15 1] [ 116 263264 2] [ 2 0 29942]],,self,3568.19875,56.74831,56.57935,1.40004,18.0,"Dport, igmp, SrcBytes, SrcAddr, TotPkts, tcp, rtp, TotBytes, State, Dur, Sport, udp, icmp, DstAddr, ipx/spx, rtcp, Dir, Label"
Feature N Results,,,,,0.9999,0.9999,0.9999,0.9999,[[6148262 43] [ 413 292913]],,,,,,[[263021 11] [ 2 29922]],0.9999,0.9999,0.9999,0.9999,[[6148262 34 9] [ 393 262987 2] [ 20 2 29922]],,other,3764.90865,69.12225,68.16907,1.77743,18.0,"TotBytes, Dur, State, udp, SrcBytes, DstAddr, icmp, tcp, SrcAddr, Dport, Sport, rtp, TotPkts, Label, Dir, igmp, rtcp, ipx/spx"
Feature N Results,,,,,1.0,1.0,1.0,1.0,[[6148290 15] [ 131 293195]],,,,,,[[263264 3] [ 0 29943]],1.0,1.0,1.0,1.0,[[6148290 14 1] [ 130 263250 2] [ 1 0 29943]],,self,2823.56209,49.48161,30.6759,1.21937,19.0,"Dport, igmp, SrcBytes, SrcAddr, TotPkts, tcp, rtp, TotBytes, State, ipv6-icmp, Dur, Sport, udp, icmp, DstAddr, ipx/spx, rtcp, Dir, Label"
Feature N Results,,,,,0.9999,0.9999,0.9999,0.9999,[[6148255 50] [ 460 292866]],,,,,,[[262979 12] [ 2 29923]],0.9999,0.9999,0.9999,0.9999,[[6148255 40 10] [ 441 262939 2] [ 19 2 29923]],,other,3676.31473,69.6838,67.28902,1.72566,19.0,"TotBytes, Dur, State, udp, SrcBytes, DstAddr, ipv6-icmp, icmp, tcp, SrcAddr, Dport, Sport, rtp, TotPkts, Label, Dir, igmp, rtcp, ipx/spx"
Feature N Results,,,,,1.0,1.0,1.0,1.0,[[6148291 14] [ 142 293184]],,,,,,[[263254 3] [ 0 29941]],1.0,1.0,1.0,1.0,[[6148291 13 1] [ 139 263241 2] [ 3 0 29941]],,self,2083.25163,50.93619,28.11428,1.22655,20.0,"Dport, igmp, SrcBytes, SrcAddr, TotPkts, tcp, rtp, TotBytes, State, ipv6-icmp, Dur, Sport, udp, icmp, DstAddr, ipx/spx, arp, rtcp, Dir, Label"
Feature N Results,,,,,0.9999,0.9999,0.9999,0.9999,[[6148249 56] [ 470 292856]],,,,,,[[262974 11] [ 1 29926]],0.9999,0.9999,0.9999,0.9999,[[6148249 46 10] [ 453 262928 1] [ 17 1 29926]],,other,3593.40302,71.77711,65.7145,1.72922,20.0,"TotBytes, Dur, State, arp, udp, SrcBytes, DstAddr, ipv6-icmp, icmp, tcp, SrcAddr, Dport, Sport, rtp, TotPkts, Label, Dir, igmp, rtcp, ipx/spx"
Feature N Results,,,,,1.0,1.0,1.0,1.0,[[6148288 17] [ 158 293168]],,1.0,1.0,1.0,1.0,[[263241 3] [ 0 29941]],1.0,1.0,1.0,1.0,[[6148288 16 1] [ 155 263225 2] [ 3 0 29941]],,self,1922.40274,57.96,53.70621,1.54572,21.0,"Dport, igmp, SrcBytes, SrcAddr, pim, TotPkts, tcp, rtp, TotBytes, State, ipv6-icmp, Dur, Sport, udp, icmp, DstAddr, ipx/spx, arp, rtcp, Dir, Label"
Feature N Results,,,,,0.9999,0.9999,0.9999,0.9999,[[6148248 57] [ 506 292820]],,0.9999,0.9999,0.9999,0.9999,[[262939 13] [ 2 29923]],0.9999,0.9999,0.9999,0.9999,[[6148248 46 11] [ 487 262893 2] [ 19 2 29923]],,other,3461.09684,72.0686,62.3791,1.74984,21.0,"TotBytes, Dur, State, arp, udp, SrcBytes, DstAddr, ipv6-icmp, icmp, tcp, SrcAddr, Dport, Sport, rtp, pim, TotPkts, Label, Dir, igmp, rtcp, ipx/spx"
Feature N Results,,,,,1.0,1.0,1.0,1.0,[[6148286 19] [ 158 293168]],,,,,,[[263240 4] [ 0 29943]],1.0,1.0,1.0,1.0,[[6148286 18 1] [ 157 263222 3] [ 1 0 29943]],,self,1889.34739,50.02448,27.36113,1.28236,22.0,"Dport, igmp, SrcBytes, SrcAddr, pim, TotPkts, tcp, rtp, TotBytes, State, ipv6-icmp, Dur, Sport, udp, icmp, DstAddr, ipx/spx, arp, rtcp, Dir, Label, rarp"
Feature N Results,,,,,0.9999,0.9999,0.9999,0.9999,[[6148250 55] [ 549 292777]],,,,,,[[262899 12] [ 2 29919]],0.9999,0.9999,0.9999,0.9999,[[6148250 45 10] [ 526 262854 2] [ 23 2 29919]],,other,3239.40721,72.16941,60.96201,1.72227,22.0,"TotBytes, Dur, State, arp, udp, SrcBytes, DstAddr, ipv6-icmp, icmp, tcp, SrcAddr, Dport, Sport, rtp, pim, TotPkts, Label, Dir, igmp, rtcp, ipx/spx, rarp"
Feature N Results,,,,,1.0,1.0,1.0,1.0,[[6148285 20] [ 154 293172]],,,,,,[[263246 3] [ 0 29943]],1.0,1.0,1.0,1.0,[[6148285 19 1] [ 153 263227 2] [ 1 0 29943]],,self,1902.83231,51.92658,27.18244,1.27934,23.0,"Dport, igmp, SrcBytes, SrcAddr, pim, TotPkts, tcp, rtp, TotBytes, State, ipv6-icmp, Dur, Sport, udp, icmp, DstAddr, ipx/spx, arp, esp, rtcp, Dir, Label, rarp"
Feature N Results,,,,,0.9999,0.9999,0.9999,0.9999,[[6148260 45] [ 551 292775]],,,,,,[[262885 11] [ 2 29922]],0.9999,0.9999,0.9999,0.9999,[[6148260 35 10] [ 531 262850 1] [ 20 2 29922]],,other,1880.98786,55.12322,30.18212,1.32393,23.0,"TotBytes, Dur, State, arp, udp, SrcBytes, DstAddr, ipv6-icmp, icmp, tcp, SrcAddr, Dport, esp, Sport, rtp, pim, TotPkts, Label, Dir, igmp, rtcp, ipx/spx, rarp"
Feature N Results,,,,,1.0,1.0,1.0,1.0,[[6148278 27] [ 189 293137]],,,,,,[[263219 3] [ 0 29942]],1.0,1.0,1.0,1.0,[[6148278 26 1] [ 187 263193 2] [ 2 0 29942]],,self,1842.95481,51.19977,27.387,1.30635,24.0,"Dport, igmp, SrcBytes, SrcAddr, pim, TotPkts, tcp, rtp, TotBytes, State, ipv6-icmp, Dur, Sport, ipv6, udp, icmp, DstAddr, ipx/spx, arp, esp, rtcp, Dir, Label, rarp"
Feature N Results,,,,,0.9999,0.9999,0.9999,0.9999,[[6148247 58] [ 555 292771]],,,,,,[[262892 12] [ 2 29923]],0.9999,0.9999,0.9999,0.9999,[[6148247 48 10] [ 536 262844 2] [ 19 2 29923]],,other,1875.34041,55.65528,30.04682,1.33708,24.0,"TotBytes, Dur, State, arp, udp, SrcBytes, DstAddr, ipv6-icmp, icmp, tcp, SrcAddr, Dport, esp, Sport, ipv6, rtp, pim, TotPkts, Label, Dir, igmp, rtcp, ipx/spx, rarp"
Feature N Results,,,,,1.0,1.0,1.0,1.0,[[6148277 28] [ 193 293133]],,,,,,[[263215 4] [ 0 29942]],1.0,1.0,1.0,1.0,[[6148277 27 1] [ 191 263188 3] [ 2 0 29942]],,self,1821.22253,51.97542,25.98286,1.29424,25.0,"Dport, igmp, SrcBytes, SrcAddr, pim, TotPkts, tcp, rtp, TotBytes, State, llc, ipv6-icmp, Dur, Sport, ipv6, udp, icmp, DstAddr, ipx/spx, arp, esp, rtcp, Dir, Label, rarp"
Feature N Results,,,,,0.9999,0.9999,0.9999,0.9999,[[6148258 47] [ 576 292750]],,,,,,[[262863 11] [ 3 29920]],0.9999,0.9999,0.9999,0.9999,[[6148258 38 9] [ 555 262825 2] [ 21 3 29920]],,other,1804.11898,55.87042,29.23936,1.36214,25.0,"TotBytes, Dur, State, arp, udp, SrcBytes, DstAddr, ipv6-icmp, icmp, tcp, SrcAddr, Dport, esp, Sport, llc, ipv6, rtp, pim, TotPkts, Label, Dir, igmp, rtcp, ipx/spx, rarp"
Feature N Results,,,,,1.0,1.0,1.0,1.0,[[6148284 21] [ 158 293168]],,1.0,1.0,1.0,1.0,[[263246 3] [ 0 29940]],1.0,1.0,1.0,1.0,[[6148284 20 1] [ 154 263226 2] [ 4 0 29940]],,self,2026.74795,50.2766,27.57519,1.25682,26.0,"Dport, igmp, SrcBytes, SrcAddr, gre, pim, TotPkts, tcp, rtp, TotBytes, State, llc, ipv6-icmp, Dur, Sport, ipv6, udp, icmp, DstAddr, ipx/spx, arp, esp, rtcp, Dir, Label, rarp"
Feature N Results,,,,,0.9999,0.9999,0.9999,0.9999,[[6148255 50] [ 504 292822]],,0.9999,0.9999,0.9999,0.9999,[[262934 14] [ 1 29923]],0.9999,0.9999,0.9999,0.9999,[[6148255 38 12] [ 484 262896 2] [ 20 1 29923]],,other,2045.32635,53.86386,32.70717,1.31191,26.0,"TotBytes, Dur, State, arp, udp, SrcBytes, DstAddr, ipv6-icmp, icmp, tcp, SrcAddr, Dport, esp, Sport, llc, ipv6, rtp, pim, gre, TotPkts, Label, Dir, igmp, rtcp, ipx/spx, rarp"
Feature N Results,,,,,1.0,1.0,1.0,1.0,[[6148287 18] [ 132 293194]],,,,,,[[263267 3] [ 0 29942]],1.0,1.0,1.0,1.0,[[6148287 17 1] [ 130 263250 2] [ 2 0 29942]],,self,1957.39977,50.24001,28.32078,1.26418,27.0,"Dport, igmp, SrcBytes, SrcAddr, unas, gre, pim, TotPkts, tcp, rtp, TotBytes, State, llc, ipv6-icmp, Dur, Sport, ipv6, udp, icmp, DstAddr, ipx/spx, arp, esp, rtcp, Dir, Label, rarp"
Feature N Results,,,,,0.9999,0.9999,0.9999,0.9999,[[6148245 60] [ 555 292771]],,,,,,[[262898 11] [ 1 29921]],0.9999,0.9999,0.9999,0.9999,[[6148245 50 10] [ 533 262848 1] [ 22 1 29921]],,other,2016.46768,55.42713,31.72145,1.33696,27.0,"TotBytes, Dur, State, arp, udp, SrcBytes, DstAddr, ipv6-icmp, icmp, tcp, SrcAddr, Dport, esp, Sport, llc, ipv6, rtp, pim, gre, unas, TotPkts, Label, Dir, igmp, rtcp, ipx/spx, rarp"
Feature N Results,,,,,1.0,1.0,1.0,1.0,[[6148285 20] [ 183 293143]],,,,,,[[263218 3] [ 0 29942]],1.0,1.0,1.0,1.0,[[6148285 19 1] [ 181 263199 2] [ 2 0 29942]],,self,1953.90501,52.06688,26.84086,1.25628,28.0,"Dport, igmp, SrcBytes, SrcAddr, unas, gre, pim, TotPkts, tcp, rtp, TotBytes, State, llc, ipv6-icmp, Dur, Sport, ipv6, udp, icmp, DstAddr, ipx/spx, arp, esp, rtcp, Dir, Label, rarp, udt"
Feature N Results,,,,,0.9999,0.9999,0.9999,0.9999,[[6148257 48] [ 547 292779]],,,,,,[[262894 11] [ 1 29921]],0.9999,0.9999,0.9999,0.9999,[[6148257 39 9] [ 525 262855 2] [ 22 1 29921]],,other,1982.55623,55.232,31.53604,1.31117,28.0,"TotBytes, Dur, udt, State, arp, udp, SrcBytes, DstAddr, ipv6-icmp, icmp, tcp, SrcAddr, Dport, esp, Sport, llc, ipv6, rtp, pim, gre, unas, TotPkts, Label, Dir, igmp, rtcp, ipx/spx, rarp"
Feature N Results,,,,,1.0,1.0,1.0,1.0,[[6148277 28] [ 188 293138]],,1.0,1.0,1.0,1.0,[[263220 3] [ 0 29943]],1.0,1.0,1.0,1.0,[[6148277 27 1] [ 187 263193 2] [ 1 0 29943]],,self,1908.67575,51.11656,26.78951,1.26666,29.0,"Dport, igmp, SrcBytes, SrcAddr, ipnip, unas, gre, pim, TotPkts, tcp, rtp, TotBytes, State, llc, ipv6-icmp, Dur, Sport, ipv6, udp, icmp, DstAddr, ipx/spx, arp, esp, rtcp, Dir, Label, rarp, udt"
Feature N Results,,,,,0.9999,0.9999,0.9999,0.9999,[[6148248 57] [ 587 292739]],,0.9999,0.9999,0.9999,0.9999,[[262860 13] [ 2 29921]],0.9999,0.9999,0.9999,0.9999,[[6148248 46 11] [ 566 262814 2] [ 21 2 29921]],,other,1938.33027,55.74388,31.0454,1.32873,29.0,"TotBytes, Dur, udt, State, arp, udp, SrcBytes, DstAddr, ipv6-icmp, icmp, tcp, SrcAddr, Dport, esp, Sport, llc, ipv6, rtp, pim, gre, unas, TotPkts, Label, Dir, ipnip, igmp, rtcp, ipx/spx, rarp"
Feature N Results,,,,,1.0,1.0,1.0,1.0,[[6148284 21] [ 195 293131]],,,,,,[[263206 3] [ 0 29943]],1.0,1.0,1.0,1.0,[[6148284 20 1] [ 194 263186 2] [ 1 0 29943]],,self,1915.04383,52.13923,27.02287,1.26527,30.0,"Dport, igmp, SrcBytes, SrcAddr, ipnip, unas, gre, pim, TotPkts, tcp, rtp, TotBytes, State, llc, ipv6-icmp, Dur, Sport, ipv6, udp, icmp, DstAddr, ipx/spx, arp, rsvp, esp, rtcp, Dir, Label, rarp, udt"
Feature N Results,,,,,0.9999,0.9999,0.9999,0.9999,[[6148255 50] [ 586 292740]],,,,,,[[262856 11] [ 2 29921]],0.9999,0.9999,0.9999,0.9999,[[6148255 40 10] [ 565 262816 1] [ 21 2 29921]],,other,1910.23211,56.39606,31.47577,1.3668,30.0,"TotBytes, Dur, udt, rsvp, State, arp, udp, SrcBytes, DstAddr, ipv6-icmp, icmp, tcp, SrcAddr, Dport, esp, Sport, llc, ipv6, rtp, pim, gre, unas, TotPkts, Label, Dir, ipnip, igmp, rtcp, ipx/spx, rarp"
